Model,MAE_Lunch,MAE_Dinner,Normalized_MAE_Lunch,Normalized_MAE_Dinner
XGB,42.50743554356846,32.288414533991705,4.774322281803751,6.9922757538081655
RF,45.96223236514523,30.706539419087136,5.1623558865939705,6.6497099396875825
Baseline,167.71292092078306,99.84109639985536,18.837069916339292,21.621268422931962
