Model,MAE_Lunch,MAE_Dinner,Normalized_MAE_Lunch,Normalized_MAE_Dinner
XGB,42.726970954356844,32.2804979253112,4.798979916167452,6.9905613583592725
RF,45.77510373443983,30.630705394190873,5.141338095713019,6.633287565865616
Baseline,167.6954356846473,99.8058091286307,18.83510602104855,21.613626724367222
