Model,MAE_Lunch,MAE_Dinner,Normalized_MAE_Lunch,Normalized_MAE_Dinner
Lunch_XGB,17.56597510373444,14.163485477178423,1.9729305759965554,3.0671991028617844
Baseline,167.7103734439834,99.8058091286307,18.83646775800632,21.613626724367222
