Model,MAE_Lunch,MAE_Dinner,Normalized_MAE_Lunch,Normalized_MAE_Dinner
Lunch_XGB,18.3850622406639,17.137759336099585,2.0649613693581506,3.7112983343996433
Baseline,167.6954356846473,99.8058091286307,18.83510602104855,21.613626724367222
