Model,MAE_Lunch,MAE_Dinner,Normalized_MAE_Lunch,Normalized_MAE_Dinner
XGB,17.801659751037345,15.91701244813278,1.9994351509479864,3.446937293776822
