Meal,MSE_Baseline,MAE_Baseline,MSE_XGBoost,MAE_XGBoost
Lunch,42360.86307053942,163.3609958506224,14679.96484375,87.27071380615234
Dinner,19838.941908713692,97.73858921161826,10145.0458984375,68.909423828125
