Meal,MSE_Baseline,MAE_Baseline,MSE_XGBoost,MAE_XGBoost
Lunch,42360.86307053942,163.3609958506224,13826.291015625,86.15751647949219
Dinner,19838.941908713692,97.73858921161826,10544.0078125,69.74964141845703
