Holiday,Holiday_Ratio
2016,0.1777830596314398
2017,0.16584106840203502
2018,0.16483470574285836
2019,0.1586468535998563
2020,0.16073255867790173
2021,0.17216175394590888
