Season,Season_Ratio
가을,0.2490582971112619
겨울,0.25149025709543993
봄,0.2578004610948405
여름,0.2416509846984577
