Weekday,Weekday_Ratio
Monday,0.24927132682070607
Tuesday,0.21375988260738663
Wednesday,0.18760132866912613
Thursday,0.19285975387786744
Friday,0.1565077080249137
Saturday,
Sunday,
