Meal,MSE_XGBoost,MAE_XGBoost
Lunch,16371.6259765625,92.33523559570312
Dinner,10043.6201171875,72.87273406982422
