Meal,MSE_Baseline,MAE_Baseline,MSE_XGBoost,MAE_XGBoost
Lunch,42360.86307053942,163.3609958506224,15009.427734375,89.86245727539062
Dinner,19838.941908713692,97.73858921161826,10482.2626953125,70.76992797851562
